IMG_ID,targets
3228511372.jpg,"[3, 0, 0]"
4325164013.jpg,"[7, 1, 1]"
2195251385.jpg,"[3, 0, 0]"
6786398493.jpg,"[10, 2, 2]"
5663163551.jpg,"[8, 3, 3]"
98241837.jpg,"[3, 0, 0]"
3875751524.jpg,"[0, 4, 4]"
10575232886.jpg,"[7, 1, 5]"
5647906142.jpg,"[1, 5, 6]"
10154331054.jpg,"[16, 6, 7]"
2434793840.jpg,"[2, 7, 8]"
3244938848.jpg,"[4, 8, 9]"
5338616808.jpg,"[6, 9, 10]"
271007521.jpg,"[20, 10, 11]"
2815609329.jpg,"[1, 11, 12]"
8793072746.jpg,"[3, 12, 14]"
375106492.jpg,"[29, 13, 15]"
6121777238.jpg,"[1, 14, 16]"
3027203153.jpg,"[34, 15, 17]"
8113463059.jpg,"[4, 16, 18]"
7554154618.jpg,"[1, 5, 19]"
7861028794.jpg,"[4, 17, 20]"
7723432134.jpg,"[0, 4, 4]"
3535821736.jpg,"[3, 12, 14]"
2070098562.jpg,"[1, 18, 23]"
4722031395.jpg,"[4, 8, 9]"
6775157589.jpg,"[28, 19, 24]"
2038689237.jpg,"[4, 20, 25]"
2657523317.jpg,"[19, 21, 26]"
6823451263.jpg,"[1, 5, 6]"
3487654132.jpg,"[1, 5, 27]"
5774280546.jpg,"[15, 22, 28]"
5207174514.jpg,"[3, 0, 0]"
3139815425.jpg,"[1, 14, 16]"
2788162048.jpg,"[0, 4, 4]"
3432638486.jpg,"[6, 9, 22]"
10010846683.jpg,"[6, 9, 22]"
4350748251.jpg,"[1, 18, 23]"
3733243089.jpg,"[2, 24, 30]"
8123220500.jpg,"[17, 25, 31]"
2218982924.jpg,"[1, 5, 32]"
6864637374.jpg,"[8, 3, 33]"
4536545761.jpg,"[3, 26, 34]"
7702876790.jpg,"[29, 13, 15]"
5835826915.jpg,"[0, 4, 4]"
2380236925.jpg,"[0, 4, 4]"
6063117185.jpg,"[1, 5, 32]"
1328448664.jpg,"[0, 4, 35]"
2162218129.jpg,"[0, 4, 4]"
8026099385.jpg,"[4, 16, 18]"
5547658261.jpg,"[3, 27, 36]"
4881950716.jpg,"[3, 0, 0]"
104330347.jpg,"[0, 4, 4]"
4552721240.jpg,"[10, 2, 2]"
7495555700.jpg,"[4, 8, 9]"
3693304212.jpg,"[20, 10, 11]"
823965675.jpg,"[1, 5, 6]"
2972030262.jpg,"[1, 5, 32]"
8465229484.jpg,"[6, 9, 10]"
8166629833.jpg,"[1, 5, 27]"
6985081361.jpg,"[2, 24, 30]"
5716841072.jpg,"[3, 28, 37]"
2645451519.jpg,"[33, 29, 38]"
3605379381.jpg,"[1, 5, 27]"
204844862.jpg,"[3, 30, 39]"
321467226.jpg,"[8, 3, 40]"
5921564544.jpg,"[8, 3, 3]"
8478736361.jpg,"[15, 22, 28]"
10348418174.jpg,"[2, 7, 8]"
4228683736.jpg,"[1, 18, 23]"
7095651035.jpg,"[4, 8, 9]"
6876398219.jpg,"[1, 14, 41]"
5755822203.jpg,"[8, 3, 13]"
5876117123.jpg,"[3, 26, 34]"
220768835.jpg,"[3, 28, 37]"
12104114085.jpg,"[20, 10, 11]"
1431416822.jpg,"[2, 24, 30]"
8401005956.jpg,"[1, 11, 12]"
7735784690.jpg,"[20, 10, 11]"
4590347965.jpg,"[1, 14, 42]"
5625437213.jpg,"[4, 31, 43]"
9197115750.jpg,"[17, 25, 31]"
2576731284.jpg,"[1, 14, 16]"
3047545299.jpg,"[0, 4, 35]"
5300429615.jpg,"[3, 27, 36]"
7534925260.jpg,"[4, 31, 43]"
9887720536.jpg,"[17, 25, 31]"
5696106498.jpg,"[3, 30, 39]"
3160005756.jpg,"[16, 6, 7]"
5894758654.jpg,"[0, 4, 4]"
4002699406.jpg,"[3, 26, 34]"
15951155.jpg,"[20, 10, 11]"
5114665764.jpg,"[1, 33, 46]"
8488370804.jpg,"[33, 29, 38]"
2215081360.jpg,"[22, 34, 47]"
4517135358.jpg,"[1, 5, 19]"
3960731209.jpg,"[12, 35, 48]"
11155000843.jpg,"[4, 8, 49]"
5303675702.jpg,"[2, 7, 8]"
4567717001.jpg,"[4, 8, 9]"
3593416019.jpg,"[1, 14, 41]"
5420956576.jpg,"[7, 1, 5]"
1974409982.jpg,"[20, 10, 11]"
5069651125.jpg,"[2, 24, 50]"
3979896782.jpg,"[17, 25, 31]"
4167557377.jpg,"[1, 18, 23]"
3988425885.jpg,"[4, 8, 9]"
578743670.jpg,"[2, 24, 30]"
6970090718.jpg,"[7, 1, 21]"
472707241.jpg,"[1, 5, 6]"
2089377912.jpg,"[3, 30, 39]"
8524055725.jpg,"[3, 27, 36]"
473308481.jpg,"[3, 27, 36]"
1612173313.jpg,"[2, 24, 50]"
5776691831.jpg,"[3, 27, 36]"
5169744887.jpg,"[24, 36, 51]"
6689158511.jpg,"[17, 25, 31]"
58960188.jpg,"[25, 37, 52]"
455636775.jpg,"[20, 10, 11]"
159138829.jpg,"[7, 1, 5]"
7430875588.jpg,"[4, 8, 45]"
3043177209.jpg,"[3, 38, 53]"
6184956774.jpg,"[11, 39, 54]"
3799906881.jpg,"[17, 25, 31]"
250002568.jpg,"[3, 27, 36]"
4427621950.jpg,"[19, 21, 26]"
5169603157.jpg,"[3, 0, 0]"
6905594413.jpg,"[2, 7, 8]"
712331731.jpg,"[1, 18, 23]"
5521077745.jpg,"[1, 14, 55]"
237080632.jpg,"[17, 25, 31]"
4692333905.jpg,"[3, 27, 36]"
5965907353.jpg,"[3, 12, 14]"
2848016343.jpg,"[33, 29, 38]"
2549570035.jpg,"[6, 9, 58]"
367346043.jpg,"[2, 7, 8]"
8647387007.jpg,"[1, 11, 12]"
367553904.jpg,"[1, 11, 12]"
176400110.jpg,"[28, 19, 24]"
5769287056.jpg,"[1, 11, 12]"
144481994.jpg,"[3, 28, 37]"
11995263583.jpg,"[0, 4, 35]"
439560036.jpg,"[16, 6, 7]"
8544433943.jpg,"[1, 18, 23]"
5133403366.jpg,"[2, 24, 50]"
3810299417.jpg,"[21, 23, 29]"
4960940279.jpg,"[3, 30, 39]"
5115991025.jpg,"[7, 1, 5]"
9439399864.jpg,"[1, 11, 12]"
4074436692.jpg,"[1, 5, 32]"
2503528560.jpg,"[4, 8, 9]"
13169199193.jpg,"[9, 41, 59]"
7101132161.jpg,"[20, 10, 11]"
4154401061.jpg,"[1, 14, 16]"
3488844003.jpg,"[20, 10, 11]"
8082903573.jpg,"[1, 14, 16]"
10555128544.jpg,"[0, 4, 35]"
3938263374.jpg,"[3, 38, 53]"
4974412738.jpg,"[3, 27, 36]"
249458659.jpg,"[1, 5, 32]"
13068203595.jpg,"[3, 38, 53]"
4267075916.jpg,"[4, 8, 9]"
6128070899.jpg,"[1, 5, 32]"
3381586438.jpg,"[6, 9, 22]"
248272184.jpg,"[1, 14, 16]"
3263083128.jpg,"[3, 26, 34]"
3371884603.jpg,"[19, 21, 26]"
5122801842.jpg,"[1, 5, 19]"
3882207237.jpg,"[15, 22, 28]"
5644407916.jpg,"[3, 0, 0]"
5164631643.jpg,"[4, 42, 60]"
4857587519.jpg,"[8, 3, 13]"
9903540816.jpg,"[3, 38, 53]"
7414710224.jpg,"[7, 1, 5]"
13945501914.jpg,"[3, 27, 36]"
3357119481.jpg,"[4, 8, 45]"
2633594166.jpg,"[17, 25, 31]"
2687089888.jpg,"[0, 4, 4]"
185835906.jpg,"[3, 27, 36]"
4905750918.jpg,"[16, 6, 7]"
4549454842.jpg,"[4, 8, 9]"
8740910571.jpg,"[1, 14, 16]"
5352584067.jpg,"[6, 9, 10]"
3674630210.jpg,"[2, 24, 50]"
305840651.jpg,"[1, 18, 23]"
4396514055.jpg,"[2, 7, 8]"
3098478145.jpg,"[1, 5, 32]"
8632421552.jpg,"[3, 26, 34]"
4693491594.jpg,"[8, 3, 13]"
13142801904.jpg,"[2, 7, 8]"
5156651358.jpg,"[10, 2, 2]"
13242676784.jpg,"[17, 25, 31]"
5279860493.jpg,"[3, 26, 61]"
5513223625.jpg,"[6, 9, 22]"
6096002309.jpg,"[4, 43, 62]"
7651918040.jpg,"[26, 44, 63]"
8460268016.jpg,"[6, 9, 22]"
7943773874.jpg,"[1, 18, 23]"
4195865360.jpg,"[6, 9, 22]"
6813330607.jpg,"[4, 17, 20]"
6200913247.jpg,"[3, 38, 53]"
3491993824.jpg,"[28, 19, 24]"
3456634453.jpg,"[1, 14, 42]"
6860836246.jpg,"[1, 14, 16]"
6747307435.jpg,"[2, 7, 8]"
48532793.jpg,"[2, 7, 8]"
4018916978.jpg,"[19, 21, 26]"
2967957599.jpg,"[7, 1, 1]"
243591383.jpg,"[19, 21, 26]"
69310181.jpg,"[13, 45, 64]"
6185121420.jpg,"[4, 43, 62]"
6203851146.jpg,"[1, 33, 46]"
5784113443.jpg,"[2, 7, 8]"
3157999692.jpg,"[4, 8, 45]"
9787160954.jpg,"[1, 14, 65]"
248167239.jpg,"[1, 14, 16]"
372245169.jpg,"[3, 27, 36]"
6000131573.jpg,"[7, 1, 21]"
8690755845.jpg,"[2, 24, 30]"
106145221.jpg,"[1, 18, 23]"
5645559711.jpg,"[7, 1, 5]"
2675117679.jpg,"[4, 8, 9]"
4356534617.jpg,"[24, 36, 51]"
2882292725.jpg,"[0, 4, 4]"
2214918226.jpg,"[8, 3, 13]"
4872632583.jpg,"[3, 30, 39]"
7187768545.jpg,"[5, 46, 66]"
4570500051.jpg,"[0, 4, 4]"
512226420.jpg,"[1, 18, 23]"
3812391577.jpg,"[2, 24, 30]"
3103615978.jpg,"[3, 12, 14]"
3400086730.jpg,"[4, 31, 43]"
2805428478.jpg,"[6, 9, 58]"
8463557347.jpg,"[3, 27, 36]"
5918519820.jpg,"[21, 23, 29]"
4472480170.jpg,"[5, 46, 66]"
5978228435.jpg,"[3, 26, 34]"
10652782063.jpg,"[2, 7, 8]"
5998077126.jpg,"[7, 1, 5]"
11386790213.jpg,"[1, 11, 12]"
13088853473.jpg,"[4, 8, 67]"
6252635417.jpg,"[20, 10, 11]"
8428249793.jpg,"[20, 10, 11]"
5159809788.jpg,"[1, 5, 6]"
3042699425.jpg,"[8, 3, 13]"
7607254420.jpg,"[1, 5, 32]"
7707568142.jpg,"[17, 25, 31]"
6847623848.jpg,"[3, 26, 34]"
3959865330.jpg,"[3, 0, 0]"
6697519165.jpg,"[16, 6, 7]"
4869501965.jpg,"[3, 30, 39]"
4580381180.jpg,"[1, 11, 12]"
5674700633.jpg,"[1, 14, 41]"
617618904.jpg,"[2, 24, 50]"
6909226296.jpg,"[3, 0, 0]"
230314255.jpg,"[1, 11, 12]"
2205891545.jpg,"[6, 9, 10]"
3581985894.jpg,"[3, 12, 14]"
484942464.jpg,"[3, 0, 0]"
3357998682.jpg,"[4, 8, 45]"
13186763973.jpg,"[3, 30, 39]"
4814571581.jpg,"[6, 9, 10]"
267092849.jpg,"[20, 10, 11]"
5968633669.jpg,"[21, 23, 29]"
3390121627.jpg,"[15, 22, 28]"
6964882163.jpg,"[4, 8, 9]"
5655325666.jpg,"[5, 46, 66]"
4530484760.jpg,"[20, 10, 11]"
3748117512.jpg,"[3, 12, 14]"
140231495.jpg,"[3, 38, 53]"
2700914426.jpg,"[20, 10, 11]"
4890211950.jpg,"[20, 10, 11]"
2915568008.jpg,"[3, 27, 36]"
3453435208.jpg,"[1, 14, 55]"
10014584313.jpg,"[2, 7, 8]"
6779190971.jpg,"[8, 3, 33]"
8294520502.jpg,"[0, 4, 4]"
6076618840.jpg,"[8, 3, 33]"
4185385191.jpg,"[3, 0, 0]"
173494774.jpg,"[0, 4, 4]"
7300882756.jpg,"[4, 42, 60]"
2836107315.jpg,"[8, 3, 56]"
40465191.jpg,"[3, 38, 53]"
11997266796.jpg,"[1, 14, 16]"
2753384517.jpg,"[4, 8, 9]"
6350030640.jpg,"[1, 5, 32]"
5523003322.jpg,"[3, 28, 37]"
201605483.jpg,"[0, 4, 35]"
1668535556.jpg,"[2, 24, 30]"
285693044.jpg,"[3, 38, 53]"
3578728781.jpg,"[22, 34, 47]"
462671443.jpg,"[28, 19, 24]"
3925869078.jpg,"[17, 25, 31]"
4074479935.jpg,"[1, 5, 32]"
8792549945.jpg,"[0, 4, 4]"
10825519274.jpg,"[3, 27, 36]"
6295202656.jpg,"[7, 1, 5]"
11909868156.jpg,"[3, 26, 34]"
613675198.jpg,"[4, 8, 67]"
7472593338.jpg,"[8, 3, 3]"
7652653502.jpg,"[4, 31, 43]"
3535039014.jpg,"[17, 25, 31]"
13389480123.jpg,"[1, 33, 46]"
243312679.jpg,"[1, 5, 32]"
2577108554.jpg,"[6, 9, 22]"
6008762737.jpg,"[3, 0, 0]"
2679068493.jpg,"[1, 11, 12]"
8199406101.jpg,"[4, 17, 20]"
5643657993.jpg,"[3, 30, 39]"
5747287100.jpg,"[3, 26, 34]"
3493810435.jpg,"[3, 0, 0]"
117768592.jpg,"[24, 36, 51]"
6082490400.jpg,"[3, 26, 34]"
6828766357.jpg,"[2, 24, 69]"
7506193602.jpg,"[1, 11, 12]"
190326657.jpg,"[3, 26, 61]"
3933470493.jpg,"[17, 25, 31]"
46502360.jpg,"[1, 14, 16]"
8214472929.jpg,"[1, 14, 41]"
4962167660.jpg,"[1, 14, 16]"
6024976559.jpg,"[3, 12, 14]"
3832548612.jpg,"[31, 47, 70]"
298324898.jpg,"[1, 18, 23]"
5169384330.jpg,"[0, 4, 4]"
2226552303.jpg,"[3, 27, 36]"
6744519267.jpg,"[6, 9, 10]"
100500347.jpg,"[1, 5, 6]"
10411763426.jpg,"[4, 8, 9]"
4083498825.jpg,"[3, 27, 36]"
120099156.jpg,"[13, 45, 64]"
7983322539.jpg,"[1, 11, 12]"
5867770008.jpg,"[4, 8, 45]"
538549147.jpg,"[3, 0, 0]"
8746985540.jpg,"[1, 5, 32]"
3296967630.jpg,"[20, 10, 11]"
2750678409.jpg,"[3, 0, 0]"
2799050983.jpg,"[4, 8, 67]"
5897866807.jpg,"[3, 38, 53]"
150698248.jpg,"[13, 45, 64]"
4816631513.jpg,"[4, 8, 9]"
4473913150.jpg,"[22, 34, 47]"
4859577460.jpg,"[2, 7, 8]"
367217217.jpg,"[2, 48, 71]"
12132721775.jpg,"[18, 49, 72]"
2999884683.jpg,"[20, 10, 11]"
7770621394.jpg,"[33, 29, 38]"
13924130442.jpg,"[3, 38, 53]"
2791114155.jpg,"[7, 1, 21]"
5635908349.jpg,"[2, 24, 30]"
9563705177.jpg,"[4, 8, 9]"
5352955345.jpg,"[2, 24, 50]"
1290859628.jpg,"[1, 5, 27]"
6808043919.jpg,"[3, 27, 36]"
3008395659.jpg,"[8, 3, 40]"
2698171684.jpg,"[6, 9, 58]"
358869888.jpg,"[13, 45, 64]"
2855201081.jpg,"[4, 17, 20]"
5367633008.jpg,"[20, 10, 11]"
3835716183.jpg,"[1, 5, 6]"
3561060670.jpg,"[3, 28, 37]"
1471567337.jpg,"[7, 1, 5]"
426805656.jpg,"[17, 25, 31]"
390814810.jpg,"[6, 9, 10]"
8941621389.jpg,"[3, 38, 53]"
6105181711.jpg,"[2, 7, 8]"
9425755154.jpg,"[1, 14, 16]"
1327211374.jpg,"[6, 9, 10]"
7584595378.jpg,"[4, 16, 18]"
384668963.jpg,"[15, 22, 28]"
1056654217.jpg,"[3, 30, 39]"
5053940935.jpg,"[10, 2, 2]"
5479953925.jpg,"[6, 9, 22]"
291677527.jpg,"[15, 22, 28]"
8664635219.jpg,"[8, 3, 40]"
6323572021.jpg,"[20, 10, 11]"
119458689.jpg,"[2, 7, 8]"
4619987433.jpg,"[2, 24, 50]"
4873219071.jpg,"[3, 30, 39]"
5983386227.jpg,"[3, 27, 36]"
6922350783.jpg,"[15, 22, 28]"
7995164854.jpg,"[3, 0, 0]"
5269104804.jpg,"[4, 8, 45]"
11765900796.jpg,"[1, 33, 46]"
6448512211.jpg,"[23, 50, 73]"
8277868286.jpg,"[7, 1, 5]"
8662803059.jpg,"[4, 31, 43]"
8193088676.jpg,"[3, 30, 39]"
311098596.jpg,"[2, 7, 8]"
6114851413.jpg,"[2, 24, 69]"
2878682764.jpg,"[10, 2, 2]"
12406821005.jpg,"[3, 30, 39]"
5833391841.jpg,"[3, 0, 0]"
5157473905.jpg,"[30, 32, 44]"
8219766020.jpg,"[6, 9, 10]"
5944511597.jpg,"[2, 7, 8]"
3562990417.jpg,"[3, 26, 61]"
4615508689.jpg,"[1, 5, 32]"
12713977233.jpg,"[2, 7, 8]"
8918027932.jpg,"[4, 8, 45]"
6870688497.jpg,"[3, 12, 14]"
5590967321.jpg,"[4, 17, 20]"
10472304733.jpg,"[3, 0, 0]"
368323736.jpg,"[4, 8, 9]"
294344371.jpg,"[4, 31, 43]"
6247434592.jpg,"[1, 18, 23]"
3331574820.jpg,"[4, 43, 62]"
6089885101.jpg,"[3, 0, 0]"
8851860446.jpg,"[3, 12, 14]"
4616861991.jpg,"[8, 3, 33]"
2599900296.jpg,"[2, 24, 30]"
6995338594.jpg,"[4, 8, 9]"
5922615956.jpg,"[4, 8, 9]"
1344592336.jpg,"[2, 7, 8]"
149776059.jpg,"[3, 28, 37]"
10087503286.jpg,"[7, 1, 5]"
463885538.jpg,"[34, 15, 17]"
5627336721.jpg,"[1, 11, 12]"
7674165364.jpg,"[16, 6, 7]"
8608513969.jpg,"[0, 4, 4]"
2441031008.jpg,"[1, 33, 46]"
2218371878.jpg,"[20, 10, 11]"
3856637519.jpg,"[3, 27, 36]"
3269902698.jpg,"[3, 38, 53]"
9511234256.jpg,"[4, 8, 9]"
3530496917.jpg,"[6, 9, 22]"
3362915709.jpg,"[19, 21, 26]"
1488808329.jpg,"[6, 9, 68]"
2614466645.jpg,"[1, 5, 32]"
7964903450.jpg,"[1, 18, 23]"
4712524866.jpg,"[20, 10, 11]"
6252063153.jpg,"[2, 24, 69]"
1225225703.jpg,"[6, 9, 10]"
3876297751.jpg,"[11, 39, 54]"
8922721044.jpg,"[1, 14, 16]"
1057304351.jpg,"[7, 1, 5]"
3774125957.jpg,"[8, 3, 40]"
3464390225.jpg,"[6, 9, 58]"
5825345821.jpg,"[6, 9, 58]"
5005668968.jpg,"[1, 5, 6]"
3163522173.jpg,"[8, 3, 13]"
5409226066.jpg,"[7, 1, 1]"
6213350455.jpg,"[4, 8, 9]"
3248611934.jpg,"[1, 18, 23]"
8438205706.jpg,"[1, 5, 6]"
13857839625.jpg,"[7, 1, 5]"
8088377078.jpg,"[2, 24, 50]"
6131291811.jpg,"[1, 14, 65]"
4785187265.jpg,"[10, 2, 2]"
2350191912.jpg,"[8, 3, 13]"
5101409025.jpg,"[7, 1, 5]"
8407155249.jpg,"[1, 18, 23]"
7630219322.jpg,"[7, 1, 5]"
705787864.jpg,"[3, 28, 37]"
9944115826.jpg,"[6, 9, 10]"
3901180410.jpg,"[3, 30, 39]"
13983916942.jpg,"[6, 9, 22]"
6884967189.jpg,"[20, 10, 11]"
4362398931.jpg,"[6, 9, 22]"
4489097398.jpg,"[3, 26, 34]"
2487233839.jpg,"[1, 18, 23]"
179456558.jpg,"[1, 5, 32]"
4013396895.jpg,"[2, 7, 8]"
7181621512.jpg,"[1, 14, 16]"
2211558634.jpg,"[6, 9, 68]"
2912461226.jpg,"[4, 8, 9]"
1179769945.jpg,"[27, 51, 74]"
5977469220.jpg,"[17, 25, 31]"
3220031142.jpg,"[16, 6, 7]"
5958115742.jpg,"[1, 14, 16]"
4344106761.jpg,"[20, 10, 11]"
7678056104.jpg,"[1, 14, 42]"
99371911.jpg,"[5, 46, 66]"
6820812812.jpg,"[3, 28, 37]"
3818273885.jpg,"[4, 43, 62]"
3872835696.jpg,"[8, 3, 33]"
2185332862.jpg,"[7, 1, 1]"
5960719375.jpg,"[19, 21, 26]"
7397032616.jpg,"[3, 26, 34]"
2917289976.jpg,"[4, 42, 60]"
2535294444.jpg,"[0, 4, 4]"
3525218557.jpg,"[17, 25, 31]"
3149086780.jpg,"[10, 2, 2]"
5762471969.jpg,"[1, 5, 27]"
7231703450.jpg,"[14, 52, 75]"
6230719668.jpg,"[6, 9, 10]"
2055542051.jpg,"[30, 32, 44]"
10767755164.jpg,"[2, 24, 30]"
4743980824.jpg,"[8, 3, 13]"
5788717780.jpg,"[3, 28, 37]"
6214505125.jpg,"[3, 28, 37]"
4697766182.jpg,"[4, 8, 9]"
7080963771.jpg,"[1, 33, 46]"
488751555.jpg,"[4, 31, 43]"
7808505538.jpg,"[8, 3, 13]"
3686594215.jpg,"[1, 33, 46]"
5784087987.jpg,"[1, 14, 41]"
8719343953.jpg,"[0, 4, 35]"
2516742489.jpg,"[6, 9, 58]"
2812083456.jpg,"[3, 30, 39]"
5640737922.jpg,"[16, 6, 7]"
4830731356.jpg,"[1, 5, 32]"
6411134275.jpg,"[3, 12, 14]"
11761941635.jpg,"[0, 4, 35]"
5950834735.jpg,"[8, 3, 13]"
6998353667.jpg,"[1, 18, 23]"
3877150285.jpg,"[3, 27, 36]"
2193129279.jpg,"[3, 26, 61]"
5221253319.jpg,"[17, 25, 31]"
2943857182.jpg,"[3, 0, 0]"
3648760735.jpg,"[2, 24, 50]"
7166968778.jpg,"[8, 3, 33]"
1296363227.jpg,"[3, 38, 53]"
3268630798.jpg,"[1, 18, 23]"
4423872312.jpg,"[3, 26, 34]"
7678508882.jpg,"[2, 24, 30]"
938628847.jpg,"[1, 5, 19]"
4681125199.jpg,"[15, 22, 28]"
3144089676.jpg,"[4, 31, 43]"
5189558861.jpg,"[3, 27, 36]"
3419703342.jpg,"[2, 24, 50]"
1335670961.jpg,"[0, 4, 4]"
5047839476.jpg,"[3, 30, 39]"
259203829.jpg,"[10, 2, 2]"
5179755416.jpg,"[9, 41, 59]"
5984372782.jpg,"[0, 4, 4]"
5417611388.jpg,"[1, 5, 6]"
9346728450.jpg,"[1, 14, 16]"
214601996.jpg,"[2, 7, 8]"
3818637678.jpg,"[2, 24, 30]"
8584811634.jpg,"[26, 44, 63]"
2093394415.jpg,"[1, 18, 23]"
1073014305.jpg,"[3, 26, 34]"
5240908508.jpg,"[13, 45, 64]"
10310197505.jpg,"[0, 4, 35]"
736914397.jpg,"[4, 42, 60]"
1012338885.jpg,"[31, 47, 70]"
5266005976.jpg,"[6, 9, 10]"
10360118404.jpg,"[3, 26, 61]"
5209527733.jpg,"[1, 5, 19]"
7331675576.jpg,"[8, 3, 3]"
8214599740.jpg,"[3, 27, 36]"
6222251034.jpg,"[2, 24, 76]"
3515836097.jpg,"[4, 8, 9]"
3255961025.jpg,"[4, 17, 20]"
537648861.jpg,"[12, 35, 48]"
2749412214.jpg,"[10, 2, 2]"
6651348157.jpg,"[1, 33, 46]"
5371648171.jpg,"[6, 9, 58]"
2351932635.jpg,"[1, 5, 6]"
7218441314.jpg,"[7, 1, 5]"
8368649762.jpg,"[3, 0, 0]"
5216456193.jpg,"[8, 3, 33]"
213411008.jpg,"[1, 14, 65]"
247900432.jpg,"[8, 3, 33]"
4969981459.jpg,"[20, 10, 11]"
5360305124.jpg,"[4, 20, 25]"
3775937482.jpg,"[1, 14, 55]"
488209699.jpg,"[6, 9, 10]"
6137558155.jpg,"[3, 26, 34]"
2861321038.jpg,"[4, 8, 9]"
4357158984.jpg,"[1, 33, 46]"
3068979755.jpg,"[6, 9, 22]"
106711935.jpg,"[3, 38, 53]"
4311394118.jpg,"[16, 6, 7]"
4568227448.jpg,"[4, 42, 60]"
6175629051.jpg,"[15, 22, 28]"
3938027605.jpg,"[1, 14, 65]"
5726750685.jpg,"[20, 10, 11]"
4061835103.jpg,"[20, 10, 11]"
8919252987.jpg,"[2, 24, 30]"
375948834.jpg,"[3, 26, 34]"
8011045544.jpg,"[25, 37, 52]"
3826529121.jpg,"[4, 31, 43]"
476911974.jpg,"[4, 8, 9]"
2922988289.jpg,"[7, 1, 5]"
3471174538.jpg,"[16, 6, 7]"
3259248219.jpg,"[1, 33, 46]"
5499916256.jpg,"[4, 31, 43]"
2632462014.jpg,"[6, 9, 58]"
99783568.jpg,"[4, 8, 9]"
4939172662.jpg,"[21, 23, 29]"
2291346502.jpg,"[21, 23, 29]"
5511986711.jpg,"[3, 12, 14]"
5812544629.jpg,"[6, 9, 58]"
6273593069.jpg,"[3, 38, 53]"
7479604322.jpg,"[1, 14, 16]"
3489256354.jpg,"[1, 18, 23]"
12542821525.jpg,"[7, 1, 5]"
4282345009.jpg,"[20, 10, 11]"
8403134038.jpg,"[28, 19, 24]"
4876947697.jpg,"[4, 8, 45]"
5844374783.jpg,"[4, 8, 67]"
4750792295.jpg,"[10, 2, 2]"
11176051114.jpg,"[8, 3, 56]"
6985418162.jpg,"[4, 31, 43]"
1004919352.jpg,"[6, 9, 22]"
10412709114.jpg,"[4, 42, 60]"
349759694.jpg,"[1, 33, 46]"
440968194.jpg,"[6, 9, 22]"
9952820656.jpg,"[20, 10, 11]"
4814288051.jpg,"[3, 26, 61]"
2817214714.jpg,"[4, 31, 43]"
297029704.jpg,"[1, 11, 12]"
4640730127.jpg,"[13, 45, 64]"
4413208103.jpg,"[3, 12, 14]"
4325630813.jpg,"[4, 16, 18]"
357095574.jpg,"[3, 38, 53]"
2161631464.jpg,"[27, 51, 74]"
4623346038.jpg,"[13, 45, 64]"
8461372154.jpg,"[17, 25, 31]"
7147817829.jpg,"[29, 13, 15]"
4145182666.jpg,"[1, 18, 23]"
5800020895.jpg,"[20, 10, 11]"
8095515926.jpg,"[6, 9, 22]"
3625154126.jpg,"[6, 9, 10]"
2220786833.jpg,"[1, 5, 32]"
318775089.jpg,"[8, 3, 40]"
3550207158.jpg,"[4, 8, 9]"
6227259725.jpg,"[4, 8, 9]"
2164964876.jpg,"[10, 2, 2]"
13908468.jpg,"[1, 11, 12]"
611247541.jpg,"[6, 9, 22]"
2378480532.jpg,"[3, 30, 39]"
7396769756.jpg,"[0, 4, 4]"
3611739594.jpg,"[4, 8, 9]"
4674067319.jpg,"[4, 8, 67]"
3547463362.jpg,"[7, 1, 5]"
4340102204.jpg,"[16, 6, 7]"
6324014329.jpg,"[3, 26, 34]"
4342111580.jpg,"[3, 26, 34]"
7669891.jpg,"[14, 52, 75]"
5185083995.jpg,"[7, 1, 21]"
4891746194.jpg,"[24, 36, 51]"
2629074013.jpg,"[10, 2, 2]"
5647948196.jpg,"[20, 10, 11]"
4516151375.jpg,"[6, 9, 22]"
190638829.jpg,"[20, 10, 11]"
1448307314.jpg,"[4, 8, 9]"
337498751.jpg,"[2, 24, 30]"
5967137934.jpg,"[8, 3, 13]"
4979464628.jpg,"[4, 31, 43]"
4195787186.jpg,"[2, 7, 8]"
2774928956.jpg,"[4, 31, 43]"
2725123829.jpg,"[13, 45, 64]"
8392290193.jpg,"[6, 9, 10]"
8652818492.jpg,"[20, 10, 11]"
5178817544.jpg,"[5, 46, 66]"
8404405278.jpg,"[16, 6, 7]"
3076929170.jpg,"[2, 24, 30]"
5087015893.jpg,"[4, 42, 60]"
5933148624.jpg,"[6, 9, 10]"
9119352050.jpg,"[33, 29, 38]"
480969061.jpg,"[1, 11, 12]"
5528712440.jpg,"[27, 51, 74]"
6126243290.jpg,"[30, 32, 44]"
306350840.jpg,"[20, 10, 11]"
7990091210.jpg,"[4, 42, 60]"
2521269675.jpg,"[4, 8, 9]"
1518577665.jpg,"[3, 38, 53]"
5540315701.jpg,"[3, 27, 36]"
1519564698.jpg,"[3, 30, 39]"
8496652673.jpg,"[4, 31, 43]"
8269197007.jpg,"[1, 33, 46]"
2919783543.jpg,"[7, 1, 1]"
1104271217.jpg,"[20, 10, 11]"
3042779751.jpg,"[0, 4, 4]"
6786865972.jpg,"[2, 7, 8]"
2671604151.jpg,"[3, 38, 53]"
3458718658.jpg,"[22, 34, 47]"
5108848753.jpg,"[21, 23, 29]"
695143061.jpg,"[21, 23, 29]"
7696676314.jpg,"[4, 8, 45]"
8461917986.jpg,"[2, 7, 8]"
3054676804.jpg,"[3, 27, 36]"
6611445069.jpg,"[8, 3, 56]"
4279054042.jpg,"[17, 25, 31]"
5942243544.jpg,"[7, 1, 5]"
45093083.jpg,"[1, 11, 12]"
10332320846.jpg,"[11, 39, 54]"
4919486048.jpg,"[2, 24, 30]"
5369237414.jpg,"[3, 12, 14]"
6437367705.jpg,"[2, 7, 8]"
6796722496.jpg,"[6, 9, 10]"
10260221116.jpg,"[2, 7, 8]"
5062719334.jpg,"[1, 14, 16]"
7785488822.jpg,"[6, 9, 22]"
4876142600.jpg,"[4, 8, 45]"
11633582753.jpg,"[8, 3, 33]"
348418543.jpg,"[30, 32, 44]"
8690038611.jpg,"[20, 10, 11]"
3909210776.jpg,"[16, 6, 7]"
532068874.jpg,"[3, 27, 36]"
8073794342.jpg,"[23, 50, 73]"
5448829254.jpg,"[20, 10, 11]"
4929901584.jpg,"[20, 10, 11]"
5602195767.jpg,"[3, 38, 53]"
8578875107.jpg,"[0, 4, 4]"
8204540680.jpg,"[3, 27, 36]"
4418231397.jpg,"[2, 24, 50]"
5747079571.jpg,"[3, 28, 37]"
8674203941.jpg,"[3, 26, 34]"
3757753911.jpg,"[6, 9, 10]"
7770042660.jpg,"[1, 5, 6]"
8818425606.jpg,"[1, 5, 32]"
1455993341.jpg,"[2, 24, 50]"
9210874039.jpg,"[7, 1, 5]"
193249930.jpg,"[7, 1, 21]"
7954069910.jpg,"[4, 8, 9]"
4836971066.jpg,"[6, 9, 22]"
6177489910.jpg,"[7, 1, 5]"
5280902931.jpg,"[2, 24, 50]"
7214550538.jpg,"[4, 31, 43]"
190242263.jpg,"[21, 23, 29]"
6709521115.jpg,"[0, 4, 4]"
7154709043.jpg,"[21, 23, 29]"
10918901144.jpg,"[27, 51, 74]"
2891290810.jpg,"[1, 5, 27]"
6852718441.jpg,"[0, 4, 4]"
10440579586.jpg,"[17, 25, 31]"
8924764644.jpg,"[7, 1, 5]"
950791920.jpg,"[1, 11, 12]"
6959210072.jpg,"[2, 24, 50]"
2809437033.jpg,"[2, 24, 76]"
2316094828.jpg,"[21, 23, 29]"
3599675694.jpg,"[3, 0, 0]"
12067393944.jpg,"[20, 10, 11]"
8508536964.jpg,"[6, 9, 10]"
2630882472.jpg,"[4, 8, 9]"
2501698458.jpg,"[4, 42, 60]"
5697691161.jpg,"[2, 24, 76]"
4522510501.jpg,"[31, 47, 70]"
7162981132.jpg,"[20, 10, 11]"
2435963391.jpg,"[3, 0, 0]"
2856681947.jpg,"[3, 27, 36]"
3344071461.jpg,"[21, 23, 29]"
2291349329.jpg,"[19, 21, 26]"
34807478.jpg,"[3, 26, 34]"
5029592738.jpg,"[1, 11, 12]"
6805028421.jpg,"[1, 5, 6]"
9044170639.jpg,"[2, 7, 8]"
9347088241.jpg,"[8, 3, 13]"
4547500375.jpg,"[4, 43, 62]"
3992279300.jpg,"[20, 10, 11]"
565537258.jpg,"[8, 3, 33]"
5017181009.jpg,"[3, 38, 53]"
10764007344.jpg,"[4, 42, 60]"
4972474412.jpg,"[1, 5, 6]"
10764283475.jpg,"[4, 16, 18]"
3842468623.jpg,"[0, 4, 35]"
9260129992.jpg,"[3, 28, 37]"
2543063666.jpg,"[11, 39, 54]"
6841151238.jpg,"[3, 27, 36]"
4381743533.jpg,"[3, 28, 37]"
1977071299.jpg,"[2, 24, 30]"
6988083561.jpg,"[5, 46, 66]"
8942095674.jpg,"[14, 52, 75]"
4157235109.jpg,"[3, 30, 39]"
8629054862.jpg,"[0, 4, 4]"
7519903412.jpg,"[4, 8, 9]"
2534233439.jpg,"[4, 16, 18]"
8061580217.jpg,"[0, 4, 4]"
2074518702.jpg,"[10, 2, 2]"
11779975934.jpg,"[1, 14, 16]"
5892920947.jpg,"[0, 4, 4]"
2427261056.jpg,"[1, 14, 16]"
950669377.jpg,"[3, 0, 0]"
5153599111.jpg,"[3, 0, 0]"
7739330772.jpg,"[8, 3, 56]"
5831279360.jpg,"[1, 14, 16]"
3356732582.jpg,"[4, 16, 18]"
12457789634.jpg,"[19, 21, 26]"
2591560621.jpg,"[1, 11, 12]"
89192090.jpg,"[2, 7, 8]"
2755374241.jpg,"[1, 5, 32]"
3955229107.jpg,"[2, 24, 50]"
2340750689.jpg,"[3, 38, 53]"
5690587763.jpg,"[0, 4, 4]"
3981574732.jpg,"[3, 0, 0]"
2048750926.jpg,"[4, 20, 25]"
8421837915.jpg,"[21, 23, 29]"
154345348.jpg,"[6, 9, 68]"
2593654733.jpg,"[1, 14, 65]"
3844296196.jpg,"[20, 10, 11]"
4803140073.jpg,"[2, 24, 30]"
1748813639.jpg,"[3, 0, 0]"
4281140139.jpg,"[4, 8, 67]"
246654734.jpg,"[6, 9, 22]"
9220642599.jpg,"[16, 6, 7]"
208518576.jpg,"[0, 4, 4]"
5020776251.jpg,"[10, 2, 2]"
6157188623.jpg,"[17, 25, 31]"
12464912834.jpg,"[26, 44, 63]"
5537623145.jpg,"[1, 14, 55]"
13121122823.jpg,"[2, 7, 8]"
2908808158.jpg,"[6, 9, 10]"
6048738676.jpg,"[7, 1, 5]"
188206908.jpg,"[20, 10, 11]"
11760983115.jpg,"[8, 3, 33]"
4643183454.jpg,"[4, 17, 20]"
11739888725.jpg,"[13, 45, 64]"
2861937797.jpg,"[4, 16, 18]"
3060390347.jpg,"[0, 4, 4]"
6082734340.jpg,"[3, 30, 39]"
9585046406.jpg,"[4, 20, 25]"
2648615330.jpg,"[21, 23, 29]"
4302566147.jpg,"[2, 7, 8]"
3326985077.jpg,"[1, 14, 42]"
3182599196.jpg,"[4, 42, 60]"
3204857246.jpg,"[22, 34, 47]"
8322803039.jpg,"[20, 10, 11]"
9116470435.jpg,"[1, 18, 23]"
11571879124.jpg,"[20, 10, 11]"
5252024585.jpg,"[3, 28, 37]"
7887917974.jpg,"[4, 8, 9]"
279070064.jpg,"[1, 5, 6]"
5657782113.jpg,"[3, 26, 34]"
8834500436.jpg,"[3, 38, 53]"
523848730.jpg,"[4, 8, 9]"
6187820147.jpg,"[20, 10, 11]"
282519423.jpg,"[4, 42, 60]"
4250915620.jpg,"[3, 12, 14]"
5748684032.jpg,"[1, 11, 12]"
2096872921.jpg,"[3, 0, 0]"
3463642265.jpg,"[1, 14, 65]"
8214988275.jpg,"[4, 42, 60]"
4937547195.jpg,"[3, 0, 0]"
3982063823.jpg,"[2, 7, 8]"
6053757785.jpg,"[0, 4, 4]"
2995934415.jpg,"[3, 0, 0]"
7127673831.jpg,"[1, 5, 27]"
2666185698.jpg,"[17, 25, 31]"
6841528961.jpg,"[19, 21, 26]"
8466386282.jpg,"[1, 5, 6]"
12784853653.jpg,"[6, 9, 22]"
6679087153.jpg,"[17, 25, 31]"
5220119737.jpg,"[3, 12, 14]"
5164171433.jpg,"[4, 8, 9]"
236900392.jpg,"[10, 2, 2]"
5430461724.jpg,"[4, 8, 45]"
8567521600.jpg,"[1, 11, 12]"
2701415459.jpg,"[13, 45, 64]"
7716113966.jpg,"[3, 26, 61]"
7989753346.jpg,"[1, 14, 41]"
5935933916.jpg,"[1, 5, 32]"
7087340383.jpg,"[10, 2, 2]"
683739953.jpg,"[12, 35, 48]"
3644762944.jpg,"[7, 1, 5]"
4674239914.jpg,"[19, 21, 26]"
8304362663.jpg,"[6, 9, 22]"
4827432756.jpg,"[1, 11, 12]"
187411271.jpg,"[3, 12, 14]"
5007655841.jpg,"[4, 8, 9]"
5256527230.jpg,"[4, 8, 9]"
4473069931.jpg,"[2, 7, 8]"
4791674014.jpg,"[13, 45, 64]"
8562633050.jpg,"[4, 8, 45]"
3373872849.jpg,"[1, 5, 6]"
3932934561.jpg,"[3, 12, 14]"
11193422276.jpg,"[3, 30, 39]"
3872263408.jpg,"[7, 1, 5]"
